{"schemaVersion":"1.0","appDefinitionTemplate":{"id":"/providers/Microsoft.PowerApps/apps/","type":"Microsoft.PowerApps/apps","tags":{"primaryDeviceWidth":"640","primaryDeviceHeight":"1136","sienaVersion":"20240417T143633Z-3.24041.27.0","deviceCapabilities":"","supportsPortrait":"true","supportsLandscape":"true","primaryFormFactor":"Phone","publisherVersion":"3.24041.27","minimumRequiredApiVersion":"2.2.0","hasComponent":"true","hasUnlockedComponent":"true","isUnifiedRootApp":"false","showStatusBar":"false","offlineLargeFilesSupport":"false","coauthoringEnabled":"true"},"properties":{"appVersion":"2024-04-17T14:36:33Z","lifeCycleId":"Published","createdByClientVersion":{"major":3,"minor":24041,"build":27,"revision":0,"majorRevision":0,"minorRevision":0},"minClientVersion":{"major":3,"minor":24041,"build":27,"revision":0,"majorRevision":0,"minorRevision":0},"backgroundColor":"RGBA(54,176,75,1)","backgroundImageUri":"/8303765325231131680/N49f81265-5cae-44b0-9a47-59c757edbc02-logoSmallFile","displayName":"GymManagementAppMobile","description":"","commitMessage":"","appUris":{"documentUri":{"value":"/8303765325231131680/N7acffdaa-baa4-470b-b3b8-093f0ebaa509-document.msapp"},"imageUris":[],"additionalUris":[{"isSolutionAware":false,"value":"/8303765325231131680/N1a94ec94-fd93-4baa-979a-55db862daa4b-identity.json"}]},"createdTime":"0001-01-01T00:00:00Z","lastModifiedTime":"0001-01-01T00:00:00Z","sharedGroupsCount":0,"sharedUsersCount":0,"connectionReferences":{"43be9166-22c7-4267-836f-c60006c65162":{"id":"a1e9ea28-a04b-44ba-90d4-ce4c8b734fe3","displayName":"Power Apps para Criadores","iconUri":"https://connectoricons-prod.azureedge.net/releases/v1.0.1684/1.0.1684.3697/powerappsforappmakers/icon.png","dataSources":["PowerAppsparaCriadores"],"dependencies":[],"dependents":[],"parameterHints":{},"parameterHintsV2":{},"isOnPremiseConnection":false,"bypassConsent":false,"dataSets":{},"apiTier":"Standard","isCustomApiConnection":false,"actions":["Get-Apps","Get-AppVersions"]},"ab7bad40-c8e9-47d7-a934-3c9bcd98f794":{"id":"27e5b082-bb40-4a40-818a-0efafecea9b8","displayName":"Office 365 Outlook","iconUri":"https://connectoricons-prod.azureedge.net/releases/v1.0.1677/1.0.1677.3637/office365/icon.png","dataSources":["Office365Outlook"],"dependencies":[],"dependents":[],"parameterHints":{},"parameterHintsV2":{},"isOnPremiseConnection":false,"bypassConsent":false,"dataSets":{},"apiTier":"Standard","isCustomApiConnection":false,"actions":["SendEmailV2"]}},"databaseReferences":{"default.cds":{"databaseDetails":{"referenceType":"Environmental","environmentName":"default.cds","overrideValues":{"status":"NotSpecified","environmentVariableName":""}},"dataSources":{"UsersInfo":{"entitySetName":"cr9f8_usersinfos","logicalName":"cr9f8_usersinfo","isHidden":false},"Gym Maintenance Log":{"entitySetName":"cr9f8_gymmaintenancelogs","logicalName":"cr9f8_gymmaintenancelog","isHidden":false},"FotosSalvas":{"entitySetName":"cr9f8_fotossalvases","logicalName":"cr9f8_fotossalvas","isHidden":false},"ItemsInspecionados":{"entitySetName":"cr9f8_itemsinspecionadoses","logicalName":"cr9f8_itemsinspecionados","isHidden":false}},"actions":["providers/PowerPlatform.Governance/Operations/Read","providers/PowerPlatform.Governance/Operations/Write"]}},"almMode":"Environment","performanceOptimizationEnabled":true,"canConsumeAppPass":true,"enableModernRuntimeMode":false,"executionRestrictions":{"isTeamsOnly":false,"dataLossPreventionEvaluationResult":{"status":"Compliant","lastEvaluationDate":"2024-03-11T15:25:43.4054397Z","violations":[],"violationsByPolicy":[],"violationErrorMessage":"The app uses the following connectors: ."}}},"appType":"ClassicCanvasApp","appComponents":[]}}